DecisionTreeAI;Giant
DecisionTreeAI;Goblin
DecisionTreeAI;Archer
DecisionTreeAI;Knight
DecisionTreeAI;Goblin
DecisionTreeAI;Archer
DecisionTreeAI;Knight
DecisionTreeAI;Goblin
DecisionTreeAI;Archer
DecisionTreeAI;Knight
DecisionTreeAI;Goblin
DecisionTreeAI;Archer
DecisionTreeAI;Knight
DecisionTreeAI;Goblin
DecisionTreeAI;Archer
DecisionTreeAI;Mini-Pekka
DecisionTreeAI;Goblin
DecisionTreeAI;Archer
DecisionTreeAI;Mini-Pekka
DecisionTreeAI;Goblin
DecisionTreeAI;Archer
DecisionTreeAI;Barbarian
DecisionTreeAI;Goblin
DecisionTreeAI;Knight
DecisionTreeAI;Archer
DecisionTreeAI;Goblin
DecisionTreeAI;Mini-Pekka
DecisionTreeAI;Knight
DecisionTreeAI;Goblin
DecisionTreeAI;Archer
DecisionTreeAI;Knight
DecisionTreeAI;Goblin
DecisionTreeAI;Archer
DecisionTreeAI;Mini-Pekka
DecisionTreeAI;Goblin
DecisionTreeAI;Archer
DecisionTreeAI;Mini-Pekka
DecisionTreeAI;Goblin
DecisionTreeAI;Archer
DecisionTreeAI;Mini-Pekka
DecisionTreeAI;Goblin
DecisionTreeAI;Archer
DecisionTreeAI;Mini-Pekka
DecisionTreeAI;Goblin
DecisionTreeAI;Knight
DecisionTreeAI;Archer
DecisionTreeAI;Goblin
DecisionTreeAI;Mini-Pekka
